""	X1	X2	celltypes
CID44041_Bcells_n1	1.18826358829395	-5.16107803162025	Bcells
CID44041_Endothelialcells_n1	0.0268293551053185	0.405107234159242	Endothelialcells
CID44041_Epithelialcells_n1	-6.09152281965359	10.4223355693014	Epithelialcells
CID44041_Mesenchymalcells_n1	-3.63663638319119	10.0805892390401	Mesenchymalcells
CID44041_Mesenchymalcells_n2	-3.69599211897	10.0935792369039	Mesenchymalcells
CID44041_Mesenchymalcells_n3	-3.6325475045596	10.1127414149435	Mesenchymalcells
CID44041_Mesenchymalcells_n4	-3.63740552152737	10.0663928431661	Mesenchymalcells
CID44041_Mesenchymalcells_n5	-3.67796529020413	10.0995702189596	Mesenchymalcells
CID44041_Mesenchymalcells_n6	-3.66307843412503	10.084597532192	Mesenchymalcells
CID44041_Myeloidcells_n1	9.23538243089572	0.190185044446717	Myeloidcells
CID44041_Myoepithelialcells_n1	0.0155458382214684	0.449724425116311	Myoepithelialcells
CID44041_Tcells_n1	0.747934573038973	-5.63283258255409	Tcells
CID44041_Tcells_n2	0.649198704108157	-5.71104722793983	Tcells
CID44041_Tcells_n3	0.682600133761324	-5.67375665481972	Tcells
CID44041_Tcells_n4	0.685710900172152	-5.6712503987162	Tcells
CID44041_Tcells_n5	0.676292472227969	-5.68947225387978	Tcells
CID44041_Tcells_n6	0.712057226046481	-5.65704637344765	Tcells
CID44041_Tcells_n7	0.701919250830569	-5.66149478729652	Tcells
CID4495_Bcells_n1	9.3976882628049	-10.3293600636332	Bcells
CID4495_Bcells_n10	9.34934365068332	-10.3785658436625	Bcells
CID4495_Bcells_n11	9.35933338914768	-10.3831739979594	Bcells
CID4495_Bcells_n2	9.3572157553281	-10.4097986775248	Bcells
CID4495_Bcells_n3	9.46847521577732	-10.2809897023051	Bcells
CID4495_Bcells_n4	9.42773854051486	-10.3136368351786	Bcells
CID4495_Bcells_n5	9.34607302461521	-10.3873930531351	Bcells
CID4495_Bcells_n6	9.33551966462985	-10.3942890721171	Bcells
CID4495_Bcells_n7	9.60341584001438	-10.1517143803446	Bcells
CID4495_Bcells_n8	9.35661827836887	-10.3757248478739	Bcells
CID4495_Bcells_n9	9.35552536760227	-10.35660367783	Bcells
CID4495_Cyclingcells_n1	-7.13117755140408	-9.77259259994911	Cyclingcells
CID4495_Cyclingcells_n2	-7.08767379011258	-9.80733495529579	Cyclingcells
CID4495_Epithelialcells_n1	1.57555873197273	-3.44507842834877	Epithelialcells
CID4495_Epithelialcells_n2	1.56178915260537	-3.45726781662392	Epithelialcells
CID4495_Epithelialcells_n3	1.54124843765751	-3.398885305485	Epithelialcells
CID4495_Epithelialcells_n4	1.54776654829041	-3.42330079849647	Epithelialcells
CID4495_Epithelialcells_n5	1.57724509638504	-3.45019107635902	Epithelialcells
CID4495_Epithelialcells_n6	1.58247162651972	-3.45389371689247	Epithelialcells
CID4495_Epithelialcells_n7	1.56814544711963	-3.43309980209755	Epithelialcells
CID4495_Mesenchymalcells_n1	-4.23611605848416	10.1359519404562	Mesenchymalcells
CID4495_Myeloidcells_n1	9.04078041826145	-0.442217286190261	Myeloidcells
CID4495_Myeloidcells_n2	8.88580929551975	-0.484691317638625	Myeloidcells
CID4495_Myeloidcells_n3	8.90686213289157	-0.474589641651382	Myeloidcells
CID4495_Myeloidcells_n4	8.97457730089084	-0.413392360767593	Myeloidcells
CID4495_Myeloidcells_n5	9.00257574830905	-0.396482523044814	Myeloidcells
CID4495_Myoepithelialcells_n1	-4.30248749937161	10.5532035273702	Myoepithelialcells
CID4495_Tcells_n1	4.35514103685276	-3.96669679459022	Tcells
CID4495_Tcells_n10	4.37024556909458	-3.97473865326332	Tcells
CID4495_Tcells_n11	4.50206505571262	-4.02106481369423	Tcells
CID4495_Tcells_n12	4.79942952905551	-5.16350990112709	Tcells
CID4495_Tcells_n13	4.86403786455051	-5.12215095337318	Tcells
CID4495_Tcells_n14	4.81791030679599	-5.13862996872353	Tcells
CID4495_Tcells_n15	4.63007604394809	-5.38347106750893	Tcells
CID4495_Tcells_n16	4.49686943803684	-4.00204282577919	Tcells
CID4495_Tcells_n17	4.42752992425815	-3.98542552765297	Tcells
CID4495_Tcells_n18	4.78334461961643	-5.2355175572245	Tcells
CID4495_Tcells_n19	4.83783494745151	-5.16336303528236	Tcells
CID4495_Tcells_n2	4.76484023843662	-5.25101714905189	Tcells
CID4495_Tcells_n20	4.85248410020725	-5.13436799820351	Tcells
CID4495_Tcells_n21	4.66449200425998	-5.35803371246742	Tcells
CID4495_Tcells_n22	4.64408933435337	-5.39595800217079	Tcells
CID4495_Tcells_n23	4.70704662118808	-5.30508428390907	Tcells
CID4495_Tcells_n24	4.41279708658115	-3.92443471725868	Tcells
CID4495_Tcells_n25	4.33792006288425	-3.8884397106974	Tcells
CID4495_Tcells_n26	4.80291568551914	-5.17345434006142	Tcells
CID4495_Tcells_n27	4.45112144266025	-3.94474273498939	Tcells
CID4495_Tcells_n28	4.29319750581638	-4.00160032089638	Tcells
CID4495_Tcells_n29	4.31010448251621	-3.98125320251869	Tcells
CID4495_Tcells_n3	4.45295821939365	-3.96630388077187	Tcells
CID4495_Tcells_n4	4.81355487619297	-5.1891308384745	Tcells
CID4495_Tcells_n5	4.34340559755222	-3.92982011612343	Tcells
CID4495_Tcells_n6	4.46218168054477	-3.94863992508339	Tcells
CID4495_Tcells_n7	4.79834400926487	-5.15607124145912	Tcells
CID4495_Tcells_n8	4.86351501260654	-5.13029151733803	Tcells
CID4495_Tcells_n9	4.35194598947422	-3.95590310867714	Tcells
CID44971_Bcells_n1	9.50990521226779	-10.1319094258158	Bcells
CID44971_Bcells_n2	9.43000590120212	-10.2651720600932	Bcells
CID44971_Bcells_n3	9.54028546129123	-10.0967283802836	Bcells
CID44971_Bcells_n4	9.57240998063938	-10.0882073002665	Bcells
CID44971_Cyclingcells_n1	-7.20785964216336	-9.69607072647499	Cyclingcells
CID44971_Endothelialcells_n1	-3.65934813703641	11.0208625239523	Endothelialcells
CID44971_Epithelialcells_n1	-5.41130984510525	11.2462748927267	Epithelialcells
CID44971_Epithelialcells_n2	-5.45213425840481	11.1802844447286	Epithelialcells
CID44971_Epithelialcells_n3	-5.38761580671414	11.1689614695699	Epithelialcells
CID44971_Epithelialcells_n4	-5.41307891096219	11.2022141856344	Epithelialcells
CID44971_Myeloidcells_n1	9.11755310808078	-0.223709221443404	Myeloidcells
CID44971_Myeloidcells_n2	9.17613875184909	-0.116875465473403	Myeloidcells
CID44971_Myeloidcells_n3	9.01676642213718	-0.348527248462905	Myeloidcells
CID44971_Myeloidcells_n4	9.09984051500217	-0.29941260393547	Myeloidcells
CID44971_Myoepithelialcells_n1	-4.32848132337674	10.7264165324361	Myoepithelialcells
CID44971_Tcells_n1	1.62765651260272	-5.70043617065834	Tcells
CID44971_Tcells_n10	3.41526090417758	-4.59231572922157	Tcells
CID44971_Tcells_n11	3.30209910188571	-4.73190027054237	Tcells
CID44971_Tcells_n12	3.44338118348972	-4.57241493042397	Tcells
CID44971_Tcells_n13	3.26501988683597	-4.76164680298256	Tcells
CID44971_Tcells_n14	2.42088704620258	-5.98146158035683	Tcells
CID44971_Tcells_n15	3.76698910509006	-4.32624393280434	Tcells
CID44971_Tcells_n16	2.75487911020175	-5.65347057159828	Tcells
CID44971_Tcells_n17	3.42802857671634	-4.58851676758217	Tcells
CID44971_Tcells_n18	2.45678900991336	-5.92983442123817	Tcells
CID44971_Tcells_n19	3.50007545267002	-4.52350383575844	Tcells
CID44971_Tcells_n2	2.35757040296451	-5.94348817642616	Tcells
CID44971_Tcells_n20	3.94981610093967	-4.20455079849647	Tcells
CID44971_Tcells_n21	3.50372456823246	-4.52003103073524	Tcells
CID44971_Tcells_n22	2.41212373290912	-5.98121982391762	Tcells
CID44971_Tcells_n23	3.56561457429782	-4.47074466522621	Tcells
CID44971_Tcells_n24	2.92387425218479	-5.4310422497599	Tcells
CID44971_Tcells_n25	3.09766148839847	-5.01536184128212	Tcells
CID44971_Tcells_n26	1.98096912418262	-5.89038472946571	Tcells
CID44971_Tcells_n27	2.81134795461551	-5.5577626782267	Tcells
CID44971_Tcells_n28	3.34444808278934	-4.68789344604897	Tcells
CID44971_Tcells_n29	2.83032619272129	-5.5379028874247	Tcells
CID44971_Tcells_n3	3.95425164018528	-4.20331817444252	Tcells
CID44971_Tcells_n30	2.37786876474277	-5.90520911987709	Tcells
CID44971_Tcells_n31	2.33205097232715	-5.94659620102333	Tcells
CID44971_Tcells_n32	3.05815552984134	-5.07481580551552	Tcells
CID44971_Tcells_n33	2.83162330900089	-5.53288417633461	Tcells
CID44971_Tcells_n34	1.95614298497096	-5.88973909195351	Tcells
CID44971_Tcells_n35	2.2076659134473	-5.91172509964394	Tcells
CID44971_Tcells_n36	3.00034999166385	-5.18139415558266	Tcells
CID44971_Tcells_n37	2.64880382333652	-5.75855022247719	Tcells
CID44971_Tcells_n38	2.43405919586078	-5.95427661713051	Tcells
CID44971_Tcells_n39	2.99655854020969	-5.24459653671669	Tcells
CID44971_Tcells_n4	2.48759555135623	-5.87086921509193	Tcells
CID44971_Tcells_n5	2.92005955491916	-5.42227464493202	Tcells
CID44971_Tcells_n6	3.30032002244846	-4.72393279846596	Tcells
CID44971_Tcells_n7	2.94853090558902	-5.30615621384071	Tcells
CID44971_Tcells_n8	3.96751629625217	-4.19303851898598	Tcells
CID44971_Tcells_n9	2.22736030136005	-5.91037183578896	Tcells
CID44991_Bcells_n1	0.859537833079257	-4.95460134323524	Bcells
CID44991_Bcells_n2	0.983451657637515	-4.90669065292763	Bcells
CID44991_Bcells_n3	0.824545376643099	-5.01610618408607	Bcells
CID44991_Bcells_n4	0.884373896464266	-4.99217468079018	Bcells
CID44991_Bcells_n5	0.829913549765505	-4.95853048141884	Bcells
CID44991_Bcells_n6	0.883940630301394	-4.9892492848246	Bcells
CID44991_Bcells_n7	0.957068734511294	-4.97651964004921	Bcells
CID44991_Bcells_n8	0.903273337229647	-4.99814468201088	Bcells
CID44991_Cyclingcells_n1	-5.36878598417386	11.2480592173727	Cyclingcells
CID44991_Mesenchymalcells_n1	-4.35801995481595	10.2614259165914	Mesenchymalcells
CID44991_Mesenchymalcells_n2	-4.3980881043826	10.3850078028829	Mesenchymalcells
CID44991_Myeloidcells_n1	9.04125582490818	-0.357724960407485	Myeloidcells
CID44991_Tcells_n1	1.70345372770683	-5.65862422760414	Tcells
CID44991_Tcells_n2	1.94610294018642	-5.71085458572792	Tcells
CID44991_Tcells_n3	2.12336438213245	-5.66891341980385	Tcells
CID44991_Tcells_n4	1.99188428436176	-5.63476806457924	Tcells
CID44991_Tcells_n5	2.2904500893201	-5.70942216690468	Tcells
CID4513_Cyclingcells_n1	-7.18798125471219	-9.71319680984901	Cyclingcells
CID4513_Epithelialcells_n1	1.63705167983428	-3.60708528335976	Epithelialcells
CID4513_Epithelialcells_n2	1.68974470411197	-4.1691923695414	Epithelialcells
CID4513_Mesenchymalcells_n1	-4.2868648835574	10.586586896816	Mesenchymalcells
CID4513_Myeloidcells_n1	8.99314581666843	0.492912117877732	Myeloidcells
CID4513_Myeloidcells_n10	8.37218272004978	0.188449655214082	Myeloidcells
CID4513_Myeloidcells_n11	8.52516447816745	0.469771553316842	Myeloidcells
CID4513_Myeloidcells_n12	9.05593668733493	0.430288676658402	Myeloidcells
CID4513_Myeloidcells_n13	8.37101780687229	0.199378762880097	Myeloidcells
CID4513_Myeloidcells_n14	8.81077133928195	0.504612956681977	Myeloidcells
CID4513_Myeloidcells_n15	8.36895548616306	0.216106448808442	Myeloidcells
CID4513_Myeloidcells_n16	8.52727209840671	0.437658969798814	Myeloidcells
CID4513_Myeloidcells_n17	9.10362612520114	0.437846009174119	Myeloidcells
CID4513_Myeloidcells_n18	8.72124468599216	0.515449841061364	Myeloidcells
CID4513_Myeloidcells_n19	8.58005701814548	0.44601449791504	Myeloidcells
CID4513_Myeloidcells_n2	8.41208302293674	0.291387264171372	Myeloidcells
CID4513_Myeloidcells_n20	8.73049437318698	0.504349727669488	Myeloidcells
CID4513_Myeloidcells_n21	8.76291882310764	0.537772764006387	Myeloidcells
CID4513_Myeloidcells_n22	9.06439053331272	0.432460416594277	Myeloidcells
CID4513_Myeloidcells_n23	8.86462818895237	0.52553232435299	Myeloidcells
CID4513_Myeloidcells_n24	8.39154803071872	0.201409940162431	Myeloidcells
CID4513_Myeloidcells_n25	8.55082642351047	0.462931011358033	Myeloidcells
CID4513_Myeloidcells_n3	8.84174620424167	0.541524861493836	Myeloidcells
CID4513_Myeloidcells_n4	8.38726746354953	0.186000291744004	Myeloidcells
CID4513_Myeloidcells_n5	8.54876934800998	0.462119464317094	Myeloidcells
CID4513_Myeloidcells_n6	8.81128775392429	0.489653874674569	Myeloidcells
CID4513_Myeloidcells_n7	8.75550734315769	0.504508723059426	Myeloidcells
CID4513_Myeloidcells_n8	8.60376107011692	0.475695539751779	Myeloidcells
CID4513_Myeloidcells_n9	9.06941639696018	0.446856651941071	Myeloidcells
CID4513_Tcells_n1	2.57293116365329	-5.71022039230751	Tcells
CID4513_Tcells_n10	2.32774155650989	-5.85997443970131	Tcells
CID4513_Tcells_n11	3.00991498742954	-5.14531284149574	Tcells
CID4513_Tcells_n12	2.79811941896335	-5.41796499069618	Tcells
CID4513_Tcells_n2	1.85831125889675	-5.80112844284462	Tcells
CID4513_Tcells_n3	1.70003008161441	-5.75584989365028	Tcells
CID4513_Tcells_n4	1.6661148152198	-5.75957780655312	Tcells
CID4513_Tcells_n5	2.12238966737644	-5.81175428207802	Tcells
CID4513_Tcells_n6	1.84518926654712	-5.82662730987953	Tcells
CID4513_Tcells_n7	1.63831298862354	-5.73890214737343	Tcells
CID4513_Tcells_n8	1.6400871134247	-5.72271066482948	Tcells
CID4513_Tcells_n9	1.63299178396121	-5.69491868790077	Tcells
CID4515_Bcells_n1	1.44644472067014	-5.04787927444862	Bcells
CID4515_Bcells_n2	1.58701849420325	-4.92365890320229	Bcells
CID4515_Bcells_n3	1.40240369056121	-5.05883603866981	Bcells
CID4515_Bcells_n4	1.50047960568921	-5.02419143494057	Bcells
CID4515_Bcells_n5	1.50647172395841	-5.0201445179789	Bcells
CID4515_Cyclingcells_n1	-5.64725220884427	11.4283933085592	Cyclingcells
CID4515_Endothelialcells_n1	-3.78761304105862	10.9300622386129	Endothelialcells
CID4515_Epithelialcells_n1	-5.67104352201565	11.3903340739401	Epithelialcells
CID4515_Epithelialcells_n2	-5.72203267301663	11.3864859980734	Epithelialcells
CID4515_Epithelialcells_n3	-5.67372763837918	11.3878764552267	Epithelialcells
CID4515_Epithelialcells_n4	-5.66430819715603	11.433417264858	Epithelialcells
CID4515_Myeloidcells_n1	9.32480036531345	0.047859732547532	Myeloidcells
CID4515_Myeloidcells_n2	9.30538021837131	0.0844682497174843	Myeloidcells
CID4515_Myeloidcells_n3	9.36041724000827	-0.00478624876426614	Myeloidcells
CID4515_Myeloidcells_n4	9.3637207678403	0.140304271617661	Myeloidcells
CID4515_Tcells_n1	1.66581510816471	-5.20377641495155	Tcells
CID4515_Tcells_n2	1.56655961991058	-5.21487432297157	Tcells
CID4515_Tcells_n3	1.77863954816715	-5.08622127350258	Tcells
CID4523_Cyclingcells_n1	1.76699150417701	-4.43755489166664	Cyclingcells
CID4523_Myeloidcells_n1	1.56969696533636	-5.05031019028114	Myeloidcells
CID4523_Myeloidcells_n2	1.53747750137702	-5.10635524567055	Myeloidcells
CID4523_Tcells_n1	1.67213989858285	-5.20450835998939	Tcells
GSM3099846_Cyclingcells_n1	7.87346731935398	8.17124504272057	Cyclingcells
GSM3099846_Cyclingcells_n2	7.85620438371555	8.14955753509117	Cyclingcells
GSM3099846_Epithelialcells_n1	7.98894535814182	8.29127020064903	Epithelialcells
GSM3099846_Epithelialcells_n10	8.3434537581052	8.67041486922814	Epithelialcells
GSM3099846_Epithelialcells_n11	8.32787215028659	8.654656831661	Epithelialcells
GSM3099846_Epithelialcells_n12	7.96920716081516	8.27057069961144	Epithelialcells
GSM3099846_Epithelialcells_n13	7.99477421556369	8.29651397887779	Epithelialcells
GSM3099846_Epithelialcells_n14	8.16449915681736	8.47740644637657	Epithelialcells
GSM3099846_Epithelialcells_n15	8.05790221010105	8.36181539718224	Epithelialcells
GSM3099846_Epithelialcells_n16	8.27233063493625	8.59712499801232	Epithelialcells
GSM3099846_Epithelialcells_n17	8.30723749910251	8.63409465972496	Epithelialcells
GSM3099846_Epithelialcells_n18	8.14483439241306	8.45337671462609	Epithelialcells
GSM3099846_Epithelialcells_n19	7.95415865693943	8.25581449691368	Epithelialcells
GSM3099846_Epithelialcells_n2	7.94765459810154	8.24641937438561	Epithelialcells
GSM3099846_Epithelialcells_n20	8.03735148225681	8.34136575881554	Epithelialcells
GSM3099846_Epithelialcells_n3	7.95908915315525	8.26007694427086	Epithelialcells
GSM3099846_Epithelialcells_n4	8.33782326494113	8.66426510039879	Epithelialcells
GSM3099846_Epithelialcells_n5	8.36659704957859	8.69521803084923	Epithelialcells
GSM3099846_Epithelialcells_n6	7.96563946519748	8.26667780105187	Epithelialcells
GSM3099846_Epithelialcells_n7	8.29830776964084	8.62292617980553	Epithelialcells
GSM3099846_Epithelialcells_n8	8.33040653978244	8.65660137359215	Epithelialcells
GSM3099846_Epithelialcells_n9	8.09891115938083	8.4057874125631	Epithelialcells
GSM3099846_Mesenchymalcells_n1	8.33963143144504	8.66728300277306	Mesenchymalcells
GSM3099846_Tcells_n1	1.59486165706769	-4.03431182678627	Tcells
GSM3099846_Tcells_n2	1.55817364662655	-3.9033814030497	Tcells
GSM3099847_Cyclingcells_n1	-4.664094097272	13.26795000259	Cyclingcells
GSM3099847_Cyclingcells_n2	-4.71174824918851	13.2764806193502	Cyclingcells
GSM3099847_Epithelialcells_n1	-5.85015738691434	10.9339370173605	Epithelialcells
GSM3099847_Epithelialcells_n10	-5.98196852888211	11.0414475840719	Epithelialcells
GSM3099847_Epithelialcells_n2	-6.11362040723904	11.175155584255	Epithelialcells
GSM3099847_Epithelialcells_n3	-6.18105328764065	11.2248324793966	Epithelialcells
GSM3099847_Epithelialcells_n4	-6.14043582166775	11.127057020107	Epithelialcells
GSM3099847_Epithelialcells_n5	-6.10065091337308	11.1543263835104	Epithelialcells
GSM3099847_Epithelialcells_n6	-6.11695635999783	11.1917952937276	Epithelialcells
GSM3099847_Epithelialcells_n7	-6.05809224332913	11.1110696238668	Epithelialcells
GSM3099847_Epithelialcells_n8	-6.10196078504666	11.1633748454244	Epithelialcells
GSM3099847_Epithelialcells_n9	-5.99760974134549	11.1357879084737	Epithelialcells
GSM3099847_Mesenchymalcells_n1	-4.6554852792178	13.2929934901388	Mesenchymalcells
GSM3099847_Mesenchymalcells_n2	-0.135633713856779	0.146652583518754	Mesenchymalcells
GSM3099847_Myoepithelialcells_n1	-4.73005402769192	13.3996428889425	Myoepithelialcells
GSM3099847_Myoepithelialcells_n10	-4.74015677656277	13.3765134257467	Myoepithelialcells
GSM3099847_Myoepithelialcells_n11	-4.77573502744778	13.395090047756	Myoepithelialcells
GSM3099847_Myoepithelialcells_n12	-4.65004647459134	13.3207578105123	Myoepithelialcells
GSM3099847_Myoepithelialcells_n13	-4.66766465391263	13.3348616999776	Myoepithelialcells
GSM3099847_Myoepithelialcells_n14	-4.62281907285794	13.3587474269064	Myoepithelialcells
GSM3099847_Myoepithelialcells_n15	-4.76023829664334	13.3786124629171	Myoepithelialcells
GSM3099847_Myoepithelialcells_n2	-4.64034617628201	13.2612485331686	Myoepithelialcells
GSM3099847_Myoepithelialcells_n3	-4.77741635526761	13.3992251795919	Myoepithelialcells
GSM3099847_Myoepithelialcells_n4	-4.71504700864895	13.3335799616964	Myoepithelialcells
GSM3099847_Myoepithelialcells_n5	-4.66939271177395	13.3194474620016	Myoepithelialcells
GSM3099847_Myoepithelialcells_n6	-4.72043431486233	13.3530539912374	Myoepithelialcells
GSM3099847_Myoepithelialcells_n7	-4.69957745756253	13.3683356684835	Myoepithelialcells
GSM3099847_Myoepithelialcells_n8	-4.74063266004666	13.3341760081442	Myoepithelialcells
GSM3099847_Myoepithelialcells_n9	-4.7353774377261	13.3841647547872	Myoepithelialcells
GSM3099848_Cyclingcells_n1	-0.125249988690458	0.210981254020463	Cyclingcells
GSM3099848_Cyclingcells_n2	-0.169807440892301	0.114631657043229	Cyclingcells
GSM3099848_Cyclingcells_n3	-0.105982072011076	0.115140084663163	Cyclingcells
GSM3099848_Epithelialcells_n1	-0.0343025990877968	0.00473219577385031	Epithelialcells
GSM3099848_Epithelialcells_n10	0.0535343817319054	-0.0602672654001609	Epithelialcells
GSM3099848_Epithelialcells_n11	0.0155510834302086	0.087392453590165	Epithelialcells
GSM3099848_Epithelialcells_n12	-0.022350794926725	0.0942120594174965	Epithelialcells
GSM3099848_Epithelialcells_n13	-0.0442617007647377	0.0571392816693886	Epithelialcells
GSM3099848_Epithelialcells_n2	-0.051605469838224	0.0320022148282632	Epithelialcells
GSM3099848_Epithelialcells_n3	-0.109941727772794	-0.0275375800936118	Epithelialcells
GSM3099848_Epithelialcells_n4	-0.00531280721767957	0.0594728035123452	Epithelialcells
GSM3099848_Epithelialcells_n5	0.019652002200045	-0.004046435913314	Epithelialcells
GSM3099848_Epithelialcells_n6	-0.0570340224657875	0.0528447670133217	Epithelialcells
GSM3099848_Epithelialcells_n7	-0.0216256448183876	0.125339929500352	Epithelialcells
GSM3099848_Epithelialcells_n8	-0.0186927386675697	0.0761554283292397	Epithelialcells
GSM3099848_Epithelialcells_n9	0.00418578897372668	0.0767303151280984	Epithelialcells
GSM3099848_Mesenchymalcells_n1	-0.0929882594500404	0.0736578745038613	Mesenchymalcells
GSM3099848_Tcells_n1	1.61511412326948	-4.08521419342445	Tcells
GSM3099849_Cyclingcells_n1	-3.29840815748318	1.35443896476341	Cyclingcells
GSM3099849_Cyclingcells_n2	-3.25247061933621	1.27133632127358	Cyclingcells
GSM3099849_Cyclingcells_n3	-3.22348702634915	1.30118722144676	Cyclingcells
GSM3099849_Cyclingcells_n4	-3.28606570448025	1.32846415463997	Cyclingcells
GSM3099849_Epithelialcells_n1	-3.35246241773709	1.52265590850426	Epithelialcells
GSM3099849_Epithelialcells_n10	-3.52340567792996	2.14236003581596	Epithelialcells
GSM3099849_Epithelialcells_n11	-3.40887320722683	2.26082402888847	Epithelialcells
GSM3099849_Epithelialcells_n12	-3.51512397016629	2.18645650569511	Epithelialcells
GSM3099849_Epithelialcells_n13	-3.42146886076077	1.59590608302666	Epithelialcells
GSM3099849_Epithelialcells_n14	-3.43709481443509	1.65136933747841	Epithelialcells
GSM3099849_Epithelialcells_n15	-3.45580161298855	1.64085567418648	Epithelialcells
GSM3099849_Epithelialcells_n16	-3.45650876249417	2.0980344456823	Epithelialcells
GSM3099849_Epithelialcells_n17	-3.47678292478665	2.11844319526268	Epithelialcells
GSM3099849_Epithelialcells_n18	-3.41731990064725	1.59724027339531	Epithelialcells
GSM3099849_Epithelialcells_n19	-3.37945426191433	1.53871018115593	Epithelialcells
GSM3099849_Epithelialcells_n2	-3.45115149702176	1.95421511355949	Epithelialcells
GSM3099849_Epithelialcells_n20	-3.43033946241482	1.58546024982048	Epithelialcells
GSM3099849_Epithelialcells_n21	-3.27307141508206	1.35829121295525	Epithelialcells
GSM3099849_Epithelialcells_n22	-3.48236239637478	2.21103519622398	Epithelialcells
GSM3099849_Epithelialcells_n3	-3.41707480634793	1.56684774581505	Epithelialcells
GSM3099849_Epithelialcells_n4	-3.50469601835354	2.15800112907005	Epithelialcells
GSM3099849_Epithelialcells_n5	-3.50224221433743	2.16190535251213	Epithelialcells
GSM3099849_Epithelialcells_n6	-3.33528245176419	1.42473900739266	Epithelialcells
GSM3099849_Epithelialcells_n7	-3.49712718214139	1.71716160003258	Epithelialcells
GSM3099849_Epithelialcells_n8	-3.50242293562039	2.18148869697167	Epithelialcells
GSM3099849_Epithelialcells_n9	-3.4649540254031	2.10909527961327	Epithelialcells
GSM3099849_Myoepithelialcells_n1	-3.28469145979031	1.83316535178734	Myoepithelialcells
GSM3099849_Myoepithelialcells_n2	-3.30818093504056	1.88058668796135	Myoepithelialcells
GSM3099849_Myoepithelialcells_n3	-3.23861706937893	1.79706889812065	Myoepithelialcells
GSM3099849_Myoepithelialcells_n4	-3.20101798261746	1.71535498324944	Myoepithelialcells
GSM3099849_Tcells_n1	-3.2811538049136	1.29614681426598	Tcells
GSM5022599_Cyclingcells_n1	-7.0346790620242	9.99846071425987	Cyclingcells
GSM5022599_Cyclingcells_n2	-6.96128905500516	10.0758056086691	Cyclingcells
GSM5022599_Endothelialcells_n1	-3.49382746900662	11.1305131358297	Endothelialcells
GSM5022599_Endothelialcells_n2	-3.49805749143704	11.1319922846944	Endothelialcells
GSM5022599_Endothelialcells_n3	-3.53330720152005	11.0980376643331	Endothelialcells
GSM5022599_Endothelialcells_n4	-3.48390496458157	11.1438521784933	Endothelialcells
GSM5022599_Mesenchymalcells_n1	0.00618445192233508	5.15084690276695	Mesenchymalcells
GSM5022599_Mesenchymalcells_n2	0.0974667004193444	5.05996936980797	Mesenchymalcells
GSM5022599_Mesenchymalcells_n3	0.0259038141812462	5.13104194823815	Mesenchymalcells
GSM5022599_Myeloidcells_n1	9.35496413026706	0.106784645953904	Myeloidcells
GSM5022599_Myoepithelialcells_n1	-6.78562319959744	10.0123385829122	Myoepithelialcells
GSM5022600_Epithelialcells_n1	-5.8951789208804	9.97294420425011	Epithelialcells
GSM5022600_Epithelialcells_n2	-5.93694318021878	10.0492772502096	Epithelialcells
GSM5022600_Epithelialcells_n3	-6.05545914854153	9.99787038985802	Epithelialcells
GSM5022600_Tcells_n1	0.723096483096041	-5.62809234436439	Tcells
GSM5022600_Tcells_n2	0.811570816382327	-5.5769596653788	Tcells
GSM5022601_Endothelialcells_n1	-3.37829793180569	11.2381925028951	Endothelialcells
GSM5022601_Endothelialcells_n2	-3.37093556608304	11.2446708125265	Endothelialcells
GSM5022601_Endothelialcells_n3	-3.35269559110745	11.2643546504171	Endothelialcells
GSM5022601_Endothelialcells_n4	-3.34943688596829	11.2636222285421	Endothelialcells
GSM5022601_Endothelialcells_n5	-3.35032141889676	11.2646283549459	Endothelialcells
GSM5022601_Epithelialcells_n1	-5.74881756986722	10.1009139460714	Epithelialcells
GSM5022601_Epithelialcells_n2	-5.86917508329495	10.3582286280782	Epithelialcells
GSM5022601_Epithelialcells_n3	-5.79074395383938	10.1877240580709	Epithelialcells
GSM5022601_Epithelialcells_n4	-5.82153619016751	10.0197781962545	Epithelialcells
GSM5022601_Epithelialcells_n5	-5.81263650144681	10.0555247706564	Epithelialcells
GSM5022601_Epithelialcells_n6	-5.9088884660159	10.2515134257467	Epithelialcells
GSM5022601_Epithelialcells_n7	-5.82852614606961	10.2795066279562	Epithelialcells
GSM5022601_Epithelialcells_n8	-5.85917819227322	10.1140326899679	Epithelialcells
GSM5022601_Epithelialcells_n9	-6.03983271803006	10.4731788081319	Epithelialcells
GSM5022601_Mesenchymalcells_n1	0.205274694308199	4.94545358840538	Mesenchymalcells
GSM5022601_Mesenchymalcells_n2	0.197178476199068	4.9542960566671	Mesenchymalcells
GSM5022601_Mesenchymalcells_n3	0.184469931467928	4.96979374114586	Mesenchymalcells
GSM5022601_Mesenchymalcells_n4	0.156423085078158	4.99824852172447	Mesenchymalcells
GSM5022601_Mesenchymalcells_n5	0.185147755488314	4.9683660906942	Mesenchymalcells
GSM5022601_Mesenchymalcells_n6	0.178565376147189	4.97486108962608	Mesenchymalcells
GSM5022601_Myeloidcells_n1	9.32131325517551	0.079715554157029	Myeloidcells
GSM5022601_Myoepithelialcells_n1	-3.41322291578396	11.2117528361471	Myoepithelialcells
GSM5022602_Endothelialcells_n1	-3.34747613157376	11.2679175776632	Endothelialcells
GSM5022602_Epithelialcells_n1	-6.14730179990872	10.133371297756	Epithelialcells
GSM5022602_Epithelialcells_n2	-6.15171349729642	10.185035650173	Epithelialcells
GSM5022602_Epithelialcells_n3	-6.21737635816678	10.1155042094381	Epithelialcells
GSM5022602_Epithelialcells_n4	-6.15272582258328	10.133724157253	Epithelialcells
GSM5022602_Epithelialcells_n5	-6.17290700162991	10.0874556941183	Epithelialcells
GSM5022602_Epithelialcells_n6	-6.14826882566556	10.0859221858175	Epithelialcells
GSM5022602_Epithelialcells_n7	-6.0724717446719	9.94141096297814	Epithelialcells
GSM5022602_Epithelialcells_n8	-6.03289712156399	10.0056781214864	Epithelialcells
GSM5022602_Mesenchymalcells_n1	0.0635831287945885	5.09326261703087	Mesenchymalcells
GSM5022602_Mesenchymalcells_n2	0.0497230223263878	5.10692209426476	Mesenchymalcells
GSM5022602_Tcells_n1	1.73975532565967	-4.76491552170204	Tcells
GSM5022603_Cyclingcells_n1	-7.0053592988406	10.0144528788717	Cyclingcells
GSM5022603_Endothelialcells_n1	-3.32656014646634	11.2897796076925	Endothelialcells
GSM5022603_Endothelialcells_n2	-3.33033288206204	11.2850121897848	Endothelialcells
GSM5022603_Endothelialcells_n3	-3.36745513166531	11.2489976329	Endothelialcells
GSM5022603_Endothelialcells_n4	-3.40524209226712	11.2072877329977	Endothelialcells
GSM5022603_Epithelialcells_n1	-6.95527804578885	10.0632762355001	Epithelialcells
GSM5022603_Epithelialcells_n10	-6.94277919019803	10.0327681941183	Epithelialcells
GSM5022603_Epithelialcells_n2	-6.97625315870389	10.1120328349264	Epithelialcells
GSM5022603_Epithelialcells_n3	-6.89910376752957	10.0348061961324	Epithelialcells
GSM5022603_Epithelialcells_n4	-6.81768286909207	10.097027723232	Epithelialcells
GSM5022603_Epithelialcells_n5	-7.07892764295682	9.95277780715538	Epithelialcells
GSM5022603_Epithelialcells_n6	-6.99048007215603	10.0314835948141	Epithelialcells
GSM5022603_Epithelialcells_n7	-6.84842169965848	10.0550307673605	Epithelialcells
GSM5022603_Epithelialcells_n8	-7.04841101850613	9.99167150680138	Epithelialcells
GSM5022603_Epithelialcells_n9	-6.96709788526639	10.026944105068	Epithelialcells
GSM5022603_Mesenchymalcells_n1	0.165483587130465	4.98920673553063	Mesenchymalcells
GSM5022603_Mesenchymalcells_n2	0.104084961756625	5.05240720931603	Mesenchymalcells
GSM5022603_Mesenchymalcells_n3	0.186571472033419	4.96751779738976	Mesenchymalcells
GSM5022603_Mesenchymalcells_n4	0.0535222223843712	5.1032013339193	Mesenchymalcells
GSM5022603_Mesenchymalcells_n5	0.071617358073153	5.08496994201256	Mesenchymalcells
GSM5022603_Mesenchymalcells_n6	0.180163019045748	4.97468084518028	Mesenchymalcells
GSM5022603_Mesenchymalcells_n7	0.0483601025189537	5.10819524947716	Mesenchymalcells
GSM5022603_Myoepithelialcells_n1	-6.78125632490262	10.001948301235	Myoepithelialcells
GSM5022603_Tcells_n1	1.7224641076173	-4.77537780579018	Tcells
sc5rJUQ026_Mesenchymalcells_n1	-4.29692185606106	9.8179902476461	Mesenchymalcells
sc5rJUQ026_Tcells_n1	-6.13092911924466	-10.3150320607035	Tcells
sc5rJUQ026_Tcells_n10	-7.22700179304226	-9.67685800369667	Tcells
sc5rJUQ026_Tcells_n11	-7.02688945020779	-9.8597441273539	Tcells
sc5rJUQ026_Tcells_n2	-6.18595135892972	-10.2934494572489	Tcells
sc5rJUQ026_Tcells_n3	-7.14370883192166	-9.75032335098671	Tcells
sc5rJUQ026_Tcells_n4	-6.4032994576846	-10.1981773930399	Tcells
sc5rJUQ026_Tcells_n5	-7.1441007920657	-9.75855260666298	Tcells
sc5rJUQ026_Tcells_n6	-7.25805915083035	-9.64797788437294	Tcells
sc5rJUQ026_Tcells_n7	-6.97468341077908	-9.90915780838417	Tcells
sc5rJUQ026_Tcells_n8	-6.745628006116	-10.058845575413	Tcells
sc5rJUQ026_Tcells_n9	-7.11580050672635	-9.70051770981239	Tcells
sc5rJUQ033_Bcells_n1	9.62131344591037	-10.0068417149393	Bcells
sc5rJUQ033_Bcells_n2	9.50442969118015	-10.0544996815531	Bcells
sc5rJUQ033_Bcells_n3	9.53126131807224	-10.0425100880473	Bcells
sc5rJUQ033_Cyclingcells_n1	-5.67302907194241	-10.3457346516459	Cyclingcells
sc5rJUQ033_Epithelialcells_n1	0.0382287434186119	0.113970105090867	Epithelialcells
sc5rJUQ033_Myeloidcells_n1	9.12624298845188	-0.194803174099197	Myeloidcells
sc5rJUQ033_Myeloidcells_n2	9.16686045442478	-0.0590220051615135	Myeloidcells
sc5rJUQ033_Myeloidcells_n3	9.16692482744113	-0.144385274013747	Myeloidcells
sc5rJUQ033_Myeloidcells_n4	9.21798455034152	0.0753941578061684	Myeloidcells
sc5rJUQ039_Bcells_n1	9.4860261610593	-10.0768089848368	Bcells
sc5rJUQ039_Bcells_n2	9.52272974763767	-10.0281048374979	Bcells
sc5rJUQ039_Bcells_n3	9.5464566877927	-9.97182660873817	Bcells
sc5rJUQ039_Bcells_n4	9.50534235750095	-10.0217896061747	Bcells
sc5rJUQ039_Tcells_n1	-5.49127639021023	-10.6744814473002	Tcells
sc5rJUQ039_Tcells_n2	-4.99732983793362	-10.5959253865092	Tcells
sc5rJUQ039_Tcells_n3	-4.9369121858035	-10.6047268467753	Tcells
sc5rJUQ039_Tcells_n4	-4.84626782621487	-10.6112566548197	Tcells
sc5rJUQ039_Tcells_n5	-5.04036343778714	-10.583316858372	Tcells
sc5rJUQ039_Tcells_n6	-4.59147275175198	-10.6467457371561	Tcells
sc5rJUQ039_Tcells_n7	-5.79482329572781	-10.4880886631815	Tcells
sc5rJUQ039_Tcells_n8	-4.5925871201907	-10.6486960011332	Tcells
sc5rJUQ039_Tcells_n9	-5.41672909940823	-10.7423096257059	Tcells
sc5rJUQ042_Endothelialcells_n1	-3.65087187971219	11.0250071925314	Endothelialcells
sc5rJUQ042_Mesenchymalcells_n1	-4.36603511060818	10.2276400965841	Mesenchymalcells
sc5rJUQ042_Mesenchymalcells_n2	-4.38185513700589	10.1816481990011	Mesenchymalcells
sc5rJUQ042_Mesenchymalcells_n3	-4.27773631300076	10.24815363113	Mesenchymalcells
sc5rJUQ042_Myoepithelialcells_n1	-4.23199380125149	10.6875628871114	Myoepithelialcells
sc5rJUQ042_Tcells_n1	-5.57521594251736	-10.8167687016337	Tcells
sc5rJUQ042_Tcells_n10	-5.36295521940335	-10.8618689137308	Tcells
sc5rJUQ042_Tcells_n11	-4.75819171156033	-10.7247887211649	Tcells
sc5rJUQ042_Tcells_n12	-5.62557566846951	-10.8155813771098	Tcells
sc5rJUQ042_Tcells_n13	-4.49423564161404	-10.6507874089091	Tcells
sc5rJUQ042_Tcells_n14	-5.41918767179593	-10.7861300068705	Tcells
sc5rJUQ042_Tcells_n15	-4.54441989149197	-10.6573162632792	Tcells
sc5rJUQ042_Tcells_n2	-5.68814147199734	-10.6420078831522	Tcells
sc5rJUQ042_Tcells_n3	-5.25796759809598	-10.8306408482401	Tcells
sc5rJUQ042_Tcells_n4	-4.21136010374173	-10.6254578190653	Tcells
sc5rJUQ042_Tcells_n5	-4.09927762235745	-10.5595141011088	Tcells
sc5rJUQ042_Tcells_n6	-5.39716351713284	-10.9095478611796	Tcells
sc5rJUQ042_Tcells_n7	-5.43609536375149	-10.8815746861308	Tcells
sc5rJUQ042_Tcells_n8	-5.39122164930447	-10.8681240635722	Tcells
sc5rJUQ042_Tcells_n9	-5.37583554472073	-10.8605652409403	Tcells
sc5rJUQ045_Epithelialcells_n1	1.61447518010394	-3.60035425003456	Epithelialcells
sc5rJUQ045_Epithelialcells_n2	1.60962097410814	-3.55675226028847	Epithelialcells
sc5rJUQ046_Tcells_n1	-5.67256987775906	-10.4333677845805	Tcells
sc5rJUQ046_Tcells_n2	-5.11596883024319	-10.5112324314921	Tcells
sc5rJUQ046_Tcells_n3	-5.70583832944974	-10.4394140797465	Tcells
sc5rJUQ046_Tcells_n4	-5.4316140481387	-10.3586378651469	Tcells
sc5rJUQ050_Mesenchymalcells_n1	-4.29055417265042	9.63719267074181	Mesenchymalcells
sc5rJUQ050_Mesenchymalcells_n2	-4.28817618574246	9.61949056808067	Mesenchymalcells
sc5rJUQ050_Mesenchymalcells_n3	-4.27466691221341	9.61441511336876	Mesenchymalcells
sc5rJUQ050_Mesenchymalcells_n4	-4.2729111977969	9.61107248488976	Mesenchymalcells
sc5rJUQ050_Mesenchymalcells_n5	-4.27371371473416	9.61791414443566	Mesenchymalcells
sc5rJUQ050_Mesenchymalcells_n6	-4.27092707838162	9.60068124953819	Mesenchymalcells
sc5rJUQ050_Mesenchymalcells_n7	-4.27806199277981	9.6183175486715	Mesenchymalcells
sc5rJUQ050_Myeloidcells_n1	8.68264471803562	-0.180596168598403	Myeloidcells
sc5rJUQ050_Tcells_n1	-7.23851836408719	-9.66669946487831	Tcells
sc5rJUQ050_Tcells_n2	-6.90988696302517	-9.94531350906776	Tcells
sc5rJUQ051_Tcells_n1	-4.11741793836697	-10.5829096394389	Tcells
sc5rJUQ051_Tcells_n2	-4.12232983793362	-10.5907183247416	Tcells
sc5rJUQ051_Tcells_n3	-4.07257378782376	-10.5486574726908	Tcells
sc5rJUQ051_Tcells_n4	-4.08608306135281	-10.5660696583598	Tcells
sc5rJUQ053_Bcells_n1	9.6317895582761	-9.81477266128944	Bcells
sc5rJUQ053_Myeloidcells_n1	8.86250721727268	-0.348448451122512	Myeloidcells
sc5rJUQ053_Tcells_n1	-6.75930178846463	-10.0508575993388	Tcells
sc5rJUQ053_Tcells_n10	-6.99066699232205	-9.88383203323768	Tcells
sc5rJUQ053_Tcells_n2	-6.83749068464383	-9.99605089004921	Tcells
sc5rJUQ053_Tcells_n3	-6.88326609815701	-9.97182184036659	Tcells
sc5rJUQ053_Tcells_n4	-6.98557913984402	-9.8861523228495	Tcells
sc5rJUQ053_Tcells_n5	-6.78579676832303	-10.0329914646952	Tcells
sc5rJUQ053_Tcells_n6	-7.06243384565457	-9.82715421493934	Tcells
sc5rJUQ053_Tcells_n7	-6.71111643995389	-10.0940294819682	Tcells
sc5rJUQ053_Tcells_n8	-6.81976378645047	-10.0166578846781	Tcells
sc5rJUQ053_Tcells_n9	-7.20367587293728	-9.70149331863808	Tcells
sc5rJUQ058_Tcells_n1	-5.1693316766177	-10.6055765705912	Tcells
sc5rJUQ060_Bcells_n1	9.61284863267795	-9.85122018631386	Bcells
sc5rJUQ060_Bcells_n2	9.62704026018039	-9.8352661686747	Bcells
sc5rJUQ060_Bcells_n3	9.6283372572507	-9.81448274429725	Bcells
sc5rJUQ060_Tcells_n1	-5.56770289625271	-10.4668093281596	Tcells
sc5rJUQ060_Tcells_n10	-5.26013243879422	-10.4941225605814	Tcells
sc5rJUQ060_Tcells_n11	-4.95473111356839	-10.5744848805277	Tcells
sc5rJUQ060_Tcells_n12	-5.80757821287259	-10.4631443577616	Tcells
sc5rJUQ060_Tcells_n13	-5.5436950990115	-10.480156953892	Tcells
sc5rJUQ060_Tcells_n14	-5.7812758752261	-10.4904413777201	Tcells
sc5rJUQ060_Tcells_n15	-5.64782632078274	-10.5250349598734	Tcells
sc5rJUQ060_Tcells_n2	-4.69740594114407	-10.6301117497294	Tcells
sc5rJUQ060_Tcells_n3	-5.24000037397488	-10.4768562870829	Tcells
sc5rJUQ060_Tcells_n4	-5.5716720887576	-10.5194073277323	Tcells
sc5rJUQ060_Tcells_n5	-5.87351525510892	-10.414257104954	Tcells
sc5rJUQ060_Tcells_n6	-4.84856713499173	-10.6057530003397	Tcells
sc5rJUQ060_Tcells_n7	-5.09121525968655	-10.541155870518	Tcells
sc5rJUQ060_Tcells_n8	-4.77328074659451	-10.5892839985697	Tcells
sc5rJUQ060_Tcells_n9	-4.55666363920315	-10.6469450550883	Tcells
sc5rJUQ064_Cyclingcells_n1	22.4872811964597	2.01477998916222	Cyclingcells
sc5rJUQ064_Epithelialcells_n1	22.5017713240232	2.0292791766317	Epithelialcells
sc5rJUQ064_Epithelialcells_n2	22.5020860365476	2.02958780948235	Epithelialcells
sc5rJUQ064_Epithelialcells_n3	22.5077222517575	2.03522199813438	Epithelialcells
sc5rJUQ064_Epithelialcells_n4	22.476765983447	2.00426441852165	Epithelialcells
sc5rJUQ064_Epithelialcells_n5	22.5138620070066	2.04135245505882	Epithelialcells
sc5rJUQ064_Epithelialcells_n6	22.4896405867185	2.01715225402428	Epithelialcells
sc5rJUQ064_Epithelialcells_n7	22.5070794752683	2.03458840076042	Epithelialcells
scrJUQ068_Epithelialcells_n1	-5.89709914411648	11.5839175624044	Epithelialcells
scrJUQ068_Epithelialcells_n2	-5.89744437421902	11.5740689677389	Epithelialcells
scrJUQ068_Epithelialcells_n3	-5.92229569639309	11.6023549479635	Epithelialcells
scrJUQ068_Epithelialcells_n4	-5.91095507825955	11.5998258036764	Epithelialcells
scrJUQ068_Myeloidcells_n1	9.05923210893527	-0.164560015758742	Myeloidcells
scrJUQ068_Myeloidcells_n2	9.27901779924289	-0.0283128577082054	Myeloidcells
scrJUQ068_Myoepithelialcells_n1	-5.88286555494412	11.5678224009664	Myoepithelialcells
scrJUQ068_Tcells_n1	2.06223379884616	-4.77238994415688	Tcells
scrJUQ068_Tcells_n2	2.094859235629	-4.77940898712563	Tcells
scrJUQ068_Tcells_n3	1.99187391315357	-4.831418092808	Tcells
scrJUQ068_Tcells_n4	1.83876188908473	-4.99401479538368	Tcells
TSMammary_Cyclingcells_n1	-6.11230481351956	10.5980166834982	Cyclingcells
TSMammary_Epithelialcells_n1	-6.04737055982693	10.5560750407369	Epithelialcells
TSMammary_Epithelialcells_n10	-5.99349749769314	10.605967466274	Epithelialcells
TSMammary_Epithelialcells_n2	-6.06848347868069	10.3356036585958	Epithelialcells
TSMammary_Epithelialcells_n3	-6.06838143552884	10.4068679255636	Epithelialcells
TSMammary_Epithelialcells_n4	-6.11361420835599	10.8382119578512	Epithelialcells
TSMammary_Epithelialcells_n5	-5.97364247526272	10.3149766368063	Epithelialcells
TSMammary_Epithelialcells_n6	-6.18854487623318	10.3586310786398	Epithelialcells
TSMammary_Epithelialcells_n7	-5.88684952940091	10.1175994319112	Epithelialcells
TSMammary_Epithelialcells_n8	-6.04031193937405	10.3748158854635	Epithelialcells
TSMammary_Epithelialcells_n9	-6.14577258314236	10.2783231181295	Epithelialcells
TSMammary_Mesenchymalcells_n1	-4.24255812849148	10.3474234980734	Mesenchymalcells
TSMammary_Mesenchymalcells_n10	-4.32684338773831	10.2888822001608	Mesenchymalcells
TSMammary_Mesenchymalcells_n11	-4.42197812284573	10.297638837734	Mesenchymalcells
TSMammary_Mesenchymalcells_n12	-4.36736548627957	10.308251325527	Mesenchymalcells
TSMammary_Mesenchymalcells_n13	-4.41407073225125	10.1402158183248	Mesenchymalcells
TSMammary_Mesenchymalcells_n2	-4.3828874894534	10.2316855830343	Mesenchymalcells
TSMammary_Mesenchymalcells_n3	-4.33216155256375	10.3065547389181	Mesenchymalcells
TSMammary_Mesenchymalcells_n4	-4.30402768339261	10.2254008692892	Mesenchymalcells
TSMammary_Mesenchymalcells_n5	-4.30030215467557	10.1673478526266	Mesenchymalcells
TSMammary_Mesenchymalcells_n6	-4.35611975874051	10.2201022547872	Mesenchymalcells
TSMammary_Mesenchymalcells_n7	-4.38391268934353	10.2379903239401	Mesenchymalcells
TSMammary_Mesenchymalcells_n8	-4.2779127427493	10.5922469538839	Mesenchymalcells
TSMammary_Mesenchymalcells_n9	-4.44806016172513	10.2593488139303	Mesenchymalcells
TSMammary_Myeloidcells_n1	8.8022726706113	-0.248008425792922	Myeloidcells
TSMammary_Tcells_n1	-7.3662687608157	-12.2659788685648	Tcells
TSMammary_Tcells_n10	-7.26534903730496	-12.1658249455302	Tcells
TSMammary_Tcells_n11	-7.1421648332034	-12.040945108494	Tcells
TSMammary_Tcells_n12	-7.2492557832156	-12.1501761036723	Tcells
TSMammary_Tcells_n13	-7.20990718092068	-12.1116819935648	Tcells
TSMammary_Tcells_n14	-7.30707896436795	-12.2073870259135	Tcells
TSMammary_Tcells_n15	-7.34003222669705	-12.2421761113017	Tcells
TSMammary_Tcells_n16	-7.22343028272732	-12.1261740284769	Tcells
TSMammary_Tcells_n17	-7.24491275037869	-12.146395738682	Tcells
TSMammary_Tcells_n18	-7.25522292341336	-12.1565847950785	Tcells
TSMammary_Tcells_n2	-7.26850856031521	-12.1701098042338	Tcells
TSMammary_Tcells_n3	-7.23732913221463	-12.1387167530863	Tcells
TSMammary_Tcells_n4	-7.28536475385769	-12.1849814015238	Tcells
TSMammary_Tcells_n5	-7.21614421094998	-12.1177368717997	Tcells
TSMammary_Tcells_n6	-7.26383460249051	-12.165103967747	Tcells
TSMammary_Tcells_n7	-7.2323576280032	-12.1340914326517	Tcells
TSMammary_Tcells_n8	-7.25016749586209	-12.1515493946879	Tcells
TSMammary_Tcells_n9	-7.25639880384549	-12.1624212818949	Tcells
